"№";"Наименование";"Статус";"Данные";"Группа"
"2742";"Попытка внедрения ВПО, предназначенного для скрытного удаленного управления (BACKDOOR)";"2";"{""ext"":false,""preview"":{""time_fire"":""2019-11-13T16:41:36.815+03:00"",""time_interval"":0,""time_fire_current"":true},""configText"":"""",""fire_param"":{""group_count_criteria"":{""group_count_to"":null,""group_count_from"":null},""time_offset"":0,""moratorium_on"":true,""incident_reg_mode"":""many"",""time_cron"":false,""limit_on"":true,""limit_value"":1000,""moratorium_by_nodes"":true,""time_interval"":300,""moratorium_period"":3600000},""group_param"":{""group_fields"":[""dst_ip""],""group_enable_criteria"":{""elem_count_to"":null,""elem_count_from"":null}},""proc"":"""",""declare"":"""",""sources"":[""e.firewall.threat""],""condition_tree"":[{""condition_type"":""eq"",""field_value"":""backdoor"",""type"":""condition"",""error"":true,""field_name"":""PanOSThreatCategory""},{""condition_type"":""eq"",""field_value"":""inet-vl144"",""type"":""condition"",""error"":true,""field_name"":""src_zone""},{""children"":[{""condition_type"":""eq"",""field_value"":""alert"",""type"":""condition"",""error"":true,""field_name"":""act""},{""or"":true,""condition_type"":""eq"",""field_value"":""allow"",""type"":""condition"",""error"":true,""field_name"":""act""}],""type"":""group"",""field_name"":""Действие""}],""descript"":""Правило регистрации инцидента «Попытка внедрения ВПО, предназначенного для скрытного удаленного управления (BACKDOOR)».\nИсточником событий безопасности является МЭ «Palo Alto».\n\nПараметры регистрации инцидента:\n1) Инцидент регистрируется при обнаружении в инспектируемом сетевом трафике признаков внедрения ВПО, предназначенного для скрытного \nудаленного управления.\n2) Условием регистрации инцидента является наличие хотя бы одного события безопасности, источником которого является нарушитель из сети \nИнтернет, относящегося к категории «backdoor» с действием «alert» или «allow».\n\nУсловие регистрации выполняется следующим образом:\n1. Категория атаки «Threat Category» имеет значение «backdoor»;\n2. Зона хоста источника имеет значение «inet-vl144», узлы из сети Интернет.\n3. Создается папка «Действие», в которой содержится «alert» или «allow».\n\n3) Группирование событий безопасности осуществляется по «IP назначения».\nПериод мониторинга составляет 5 минут. Предполагается, что при обнаружении хотя бы одного события за указанный период, это будет являться \nпризнаком попытки внедрения ВПО, предназначенного для скрытного удаленного управления.\n"",""config"":false,""incident_param"":{""full_desc"":""Рекомендации по устранению инцидента.\nПри обнаружении признаков внедрения ВПО, предназначенного для скрытного удаленного управления (BACKDOOR) рекомендуется выполнить \nследующие действия:\n1) произвести обновление базы данных признаков вредоносных компьютерных программ (вирусов) САВЗ и выполнить сканирование \nскомпрометированного узла на наличие вредоносного кода. При обнаружении вредоносного кода, выполнить удаление\/лечение;\n2) если штатный метод удаления\/лечения не работает, следует воспользоваться ПО «KASPERSKY RESCUE DISK», которое запускается под \nуправление операционной системой.\nЭффективность лечения повышается за счет того, что находящееся в системе ВПО не получает управления во время загрузки операционной \nсистемы. В режиме аварийного восстановления доступны только задачи проверки объектов и обновление базы данных признаков вредоносных \nкомпьютерных программ (вирусов) (https:\/\/support.kaspersky.ru\/viruses\/rescuedisk);\n3) если с помощью ПО «KASPERSKY RESCUE DISK» не удалось выполнить удаление\/лечение ВПО, рекомендуется выполнить полное \nвосстановление системы из резервной копии (при наличии).\nПосле восстановления системы из резервной копии, рекомендуется провести полное сканирование САВЗ, для проверки наличия ВПО на узле;\n4) в избежание компрометации защищаемой информации, рекомендуется поменять аутентификационные данные (пароль должен содержать \nне менее 8 символов, содержать заглавные и строчные буквы, цифры, пробелы и специальные символы).\n"",""level"":3,""to_espp"":false,""categ"":-1,""full_desc_add_rule_desc"":true,""short_desc"":"""",""short_desc_add_period"":true,""short_desc_add_rule_name"":true,""type"":1,""deadline"":0,""full_desc_add_stat"":true,""status"":1}}";"22"
"2759";"Заблокирована попытка подключения к нежелательному домену";"2";"{""ext"":false,""preview"":{""time_fire"":""2019-11-25T12:50:45.229+03:00"",""time_interval"":0,""time_fire_current"":true},""configText"":"""",""fire_param"":{""group_count_criteria"":{""group_count_to"":null,""group_count_from"":null},""time_offset"":60,""moratorium_on"":false,""incident_reg_mode"":""many"",""time_cron"":false,""limit_on"":false,""limit_value"":1000,""moratorium_by_nodes"":true,""time_interval"":300,""moratorium_period"":3600000},""group_param"":{""group_fields"":[""sender_ip""],""group_enable_criteria"":{""elem_count_to"":null,""elem_count_from"":null}},""proc"":"""",""declare"":"""",""sources"":[""e.firewall.threat""],""condition_tree"":[{""condition_type"":""eq"",""field_value"":""sinkhole"",""type"":""condition"",""error"":true,""field_name"":""act""}],""descript"":""Правило регистрации инцидента «2759. Заблокирована попытка подключения к нежелательному домену».\nИсточником событий безопасности является МЭ «Palo Alto». \nНабор данных: «Межсетевые экраны. Palo Alto. Журнал событий».\n\nDNS Sinkholing \u2013 это механизм, направленный на защиту пользователей путем перехвата запроса DNS, пытающегося подключиться к известным вредоносным или нежелательным доменам, и возврата, контролируемого IP-адреса. \nПравило регистрирует инциденты, связанные с заблокированными Sinkhole-сервером попытками подключиться к нежелательномк домену.\n\nПараметры регистрации инцидента:\n1)Инцидент регистрируется при обнаружении в инспектируемом сетевом трафике признаков заблокированной попытки несанкционированного подключения к нежелательному домену.\n2)Условием регистрации инцидента является наличие хотя бы одного события безопасности, указывающего на признаки заблокированной попытки несанкционированного подключения к нежелательному домену.\n\nУсловие регистрации выполняется следующим образом:\n1.Создаётся условие \u201CДействие\u201D = \u201CSinkhole\u201D \/\/ данное условие указывает на возврат контролируемого IP-адреса при попытке подключения к вредоносному домену.\n\nГруппирование событий безопасности осуществляется по «IP назначения».\nПериод мониторинга составляет 5 минут. Предполагается, что при обнаружении хотя бы одного события за указанный период, это будет являться признаком заблокированного подключения к нежелательному домену.\n"",""config"":false,""incident_param"":{""full_desc"":""При обнаружении признаков заблокированной попытки подключения к нежелательному домену рекомендуется выполнить следующие действия:\n1)выяснить кто и с какой целью подключился к известному вредоносному или нежелательному домену;\n2)если данное подключение было легитимным, изменить конфигурацию Sinkhole-сервера и разрешить доступ для данного домена;\n3)провести служебное расследование.\n"",""level"":2,""to_espp"":false,""categ"":11,""full_desc_add_rule_desc"":false,""short_desc"":"""",""short_desc_add_period"":false,""short_desc_add_rule_name"":true,""type"":1,""deadline"":0,""full_desc_add_stat"":false,""status"":1}}";"22"
"2753";"Заблокирован нежелательный трафик";"2";"{""ext"":false,""preview"":{""time_fire"":""2019-11-25T12:18:06.37+03:00"",""time_interval"":0,""time_fire_current"":true},""configText"":"""",""fire_param"":{""group_count_criteria"":{""group_count_to"":null,""group_count_from"":null},""time_offset"":60,""moratorium_on"":true,""incident_reg_mode"":""many"",""time_cron"":false,""limit_on"":true,""limit_value"":1000,""moratorium_by_nodes"":true,""time_interval"":300,""moratorium_period"":3600000},""group_param"":{""group_fields"":[""dst_ip""],""group_enable_criteria"":{""elem_count_to"":null,""elem_count_from"":null}},""proc"":"""",""declare"":"""",""sources"":[""e.firewall.threat""],""condition_tree"":[{""condition_type"":""eq"",""field_value"":""not-applicable"",""type"":""condition"",""error"":true,""field_name"":""app""},{""children"":[{""condition_type"":""eq"",""field_value"":""packet"",""type"":""condition"",""error"":true,""field_name"":""deviceEventClassID""}],""type"":""group"",""field_name"":""Категория угрозы""},{""children"":[{""condition_type"":""text_exists"",""field_value"":""block"",""type"":""condition"",""error"":true,""field_name"":""act""},{""or"":true,""condition_type"":""eq"",""field_value"":""drop"",""type"":""condition"",""error"":true,""field_name"":""act""}],""type"":""group"",""field_name"":""Действие""}],""descript"":""Правило регистрации инцидента «2753. Заблокирован нежелательный трафик».\nИсточником событий безопасности является МЭ «Palo Alto». \nНабор данных: «Межсетевые экраны. Palo Alto. Журнал событий».\nЕсли МЭ Palo Alto обнаруживает трафик, который не может быть пропущен, согласно заданным правилам, то МЭ создаёт событие с пометкой \u201Cnot-applicable\u201D, что означает \u201Cне применимо\u201D. \nПри этом производится действие \u201Cdeny\u201D или \u201Cblock-url\u201D, \u201Cblock-content, и т.д.\u201D. Правило направлено на информирование о данных блокировках.\n\nПараметры регистрации инцидента:\n1) Инцидент регистрируется при обнаружении в инспектируемом сетевом трафике признаков блокировки нежелательного трафика.\n2) Условием регистрации инцидента является наличие хотя бы одного события безопасности, указывающего на блокировку нежелательного трафика.\n\nУсловие регистрации выполняется следующим образом:\n1.Создается условие \u201CПриложение\u201D = \u201Cnot-applicable\u201D;\n2.Создаётся папка \u201CКатегория угрозы\u201D, содержащая следующую категорию:\n\u201CEvent Class\u201D = \u201Cpacket\u201D;\n3.Создаётся папка \u201CДействие\u201D, содержащая следующие условия:\n\u201CДействие\u201D содержит \u201Cblock\u201D;\n[ИЛИ] \u201CДействие\u201D = \u201Cdrop\u201D.\n\nГруппирование событий безопасности осуществляется по «IP назначения».\nПериод мониторинга составляет 5 минут. \nПредполагается, что при обнаружении хотя бы одного события за указанный период, это будет являться признаком заблокированного нежелательного трафика.\n"",""config"":false,""incident_param"":{""full_desc"":""При обнаружении признаков запуска приложения, формирующего трафик, неопознанный Palo Alto, рекомендуется выполнить следующие действия:\n1)выяснить, трафик какого приложения был заблокирован правилами МЭ Palo Alto;\n2)если данное приложение легитимно, то пересмотреть правило МЭ Palo Alto;\n3)если трафик был заблокирован верно, то убедиться, что правило МЭ Palo Alto сработало правильным образом.\n"",""level"":1,""to_espp"":false,""categ"":12,""full_desc_add_rule_desc"":false,""short_desc"":"""",""short_desc_add_period"":false,""short_desc_add_rule_name"":true,""type"":1,""deadline"":0,""full_desc_add_stat"":false,""status"":1}}";"22"
"2495";"Обнаружено электронное письмо с вредоносным вложением";"2";"{""ext"":false,""preview"":{""time_fire"":""2019-11-20T11:58:47.162+03:00"",""time_interval"":31536000,""time_fire_current"":true},""configText"":"""",""fire_param"":{""group_count_criteria"":{""group_count_to"":null,""group_count_from"":null},""time_offset"":60,""moratorium_on"":true,""incident_reg_mode"":""many"",""time_cron"":false,""limit_on"":true,""limit_value"":1000,""moratorium_by_nodes"":true,""time_interval"":120,""moratorium_period"":3600000},""group_param"":{""group_fields"":[""src_ip""],""group_enable_criteria"":{""elem_count_to"":null,""elem_count_from"":null}},""proc"":"""",""declare"":"""",""sources"":[""e.firewall.threat""],""condition_tree"":[{""condition_type"":""text_exists"",""field_value"":""Virus\/Win32.WGeneric"",""type"":""condition"",""error"":true,""field_name"":""cat""}],""descript"":""Правило регистрации инцидента «Обнаружено электронное письмо с вредоносным вложением».\nИсточником событий безопасности является «Palo Alto. Журнал событий».\n______________________________\nПараметры регистрации инцидента:\n1) Инцидент регистрируется при обнаружении электронного письма с вредоносным вложением.\n2) Условием регистрации инцидента является наличие хотя бы 1 события безопасности, указывающего на обнаружение электронного письма с вредоносным вложением.\n\nУсловие регистрации инцидента выполняется следующим образом.\nСоздается условие «Категория» содержит «Virus\/Win32.WGeneric».\n\n3) Группирование событий безопасности осуществляется по «IP-адрес хоста источника».\nПериод мониторинга составляет 2 минуты.\nПредполагается, что при обнаружении хотя бы одного события за указанный период будет являться признаком обнаружения электронного письма с вредоносным вложением.\n"",""config"":false,""incident_param"":{""full_desc"":""Рекомендации по устранению инцидента.\nПри обнаружении  электронного письма с вредоносным вложением необходимо заблокировать входящий сетевой трафик от IP-адреса нарушителя."",""level"":1,""to_espp"":true,""categ"":-1,""full_desc_add_rule_desc"":false,""short_desc"":"""",""short_desc_add_period"":false,""short_desc_add_rule_name"":true,""type"":2,""deadline"":0,""full_desc_add_stat"":false,""status"":1}}";"22"
"2752";"Запущено приложение, формирующее трафик, неопознанный МЭ Palo Alto";"2";"{""ext"":false,""preview"":{""time_fire"":""2019-11-25T12:44:56.35+03:00"",""time_interval"":0,""time_fire_current"":true},""configText"":"""",""fire_param"":{""group_count_criteria"":{""group_count_to"":null,""group_count_from"":null},""time_offset"":60,""moratorium_on"":false,""incident_reg_mode"":""many"",""time_cron"":false,""limit_on"":false,""limit_value"":1000,""moratorium_by_nodes"":true,""time_interval"":300,""moratorium_period"":3600000},""group_param"":{""group_fields"":[""dst_ip""],""group_enable_criteria"":{""elem_count_to"":null,""elem_count_from"":null}},""proc"":"""",""declare"":"""",""sources"":[""e.firewall.threat""],""condition_tree"":[{""children"":[{""condition_type"":""eq"",""field_value"":""unknown-tcp"",""type"":""condition"",""error"":true,""field_name"":""app""},{""or"":true,""condition_type"":""eq"",""field_value"":""unknown-udp"",""type"":""condition"",""error"":true,""field_name"":""app""},{""or"":true,""condition_type"":""eq"",""field_value"":""protocol-anomaly"",""type"":""condition"",""error"":true,""field_name"":""PanOSThreatCategory""}],""type"":""group"",""field_name"":""Категория угрозы""},{""children"":[{""condition_type"":""eq"",""field_value"":""alert"",""type"":""condition"",""error"":true,""field_name"":""act""},{""or"":true,""condition_type"":""eq"",""field_value"":""allow"",""type"":""condition"",""error"":true,""field_name"":""act""}],""type"":""group"",""field_name"":""Действие""}],""descript"":""Правило регистрации инцидента «2752. Запущено приложение, формирующее трафик, неопознанный МЭ Palo Alto».\nИсточником событий безопасности является МЭ «Palo Alto». \nНабор данных: «Межсетевые экраны. Palo Alto. Журнал событий».\n\nВ базе данных МЭ Palo Alto на данный момент содержится более 3000 различных приложений. \nВ инструкции пользователя МЭ Palo Alto рекомендуется блокировать трафик от любых неизвестных приложений, не входящих в эту базу. \nПравило регистрирует любой незаблокированный трафик неизвестных и необычно работающих приложений.\n\nПараметры регистрации инцидента:\n1) Инцидент регистрируется при признаках запуска приложения, формирующего трафик, неопознанный МЭ Palo Alto.\n2) Условием регистрации инцидента является наличие хотя бы одного события безопасности, указывающего на запуск такого приложения.\n\nУсловие регистрации выполняется следующим образом:\n1.Создается папка \u201CКатегория угрозы\u201D, содержащая следующие категории:\n\u201CПриложение\u201D = \u201Cunknown-tcp\u201D \/\/что указывает на неизвестный трафик, передаваемый по протоколу tcp;\n[ИЛИ] \u201CПриложение\u201D = \u201Cunknown-udp\u201D \/\/что указывает на неизвестный трафик, передаваемый по протоколу udp;\n[ИЛИ] \u201CThreat Category\u201D = \u201Cprotocol-anomaly\u201D \/\/что указывает на неверно сформированный пакет или приложение, работающее на нестандартном порту;\n2.Создаётся папка \u201CДействие\u201D, содержащая следующие условия:\n\u201CДействие\u201D = \u201Calert\u201D;\n[ИЛИ] \u201CДействие\u201D = \u201Callow\u201D.\n\nГруппирование событий безопасности осуществляется по «IP назначения».\nПериод мониторинга составляет 5 минут.\nПредполагается, что при обнаружении хотя бы одного события за указанный период, это будет являться признаком запуска приложения, формирующего трафик, неопознанный МЭ Palo Alto.\n"",""config"":false,""incident_param"":{""full_desc"":""При обнаружении признаков запуска приложения, формирующего трафик, неопознанный Palo Alto, рекомендуется выполнить следующие действия:\n1)выяснить, запуск какого приложения, или передача какого пакета вызвало создание инцидента;\n2)если запуск приложения, не содержащегося в базе данных МЭ Palo Alto был легитимным, то необходимо внести IP-адрес, используемый данным приложением в список исключений в условиях правила;\n3)если выясняется, что приложение, которое вызвало создание инцидента, является ВПО, то необходимо заблокировать на МЭ Palo Alto трафик от этого приложения и провести сканирование системы на наличие вредоносных программ;\n4)если инцидент вызван приложением, работающее на нестандартном порту или неверно сформированным пакетом, необходимо выяснить, по какой причине трафик попадает в категорию \u201Cprotocol-anomaly\u201D;\n5)если данное приложение легитимно работает на нестандартном порту, то, внести IP-адрес, используемый данным приложением в список исключений в условиях правила;\n6)если выясняется, что инцидент вызван компьютерной атакой, то произвести меры по её предотвращению и ликвидации последствий.\n"",""level"":2,""to_espp"":false,""categ"":12,""full_desc_add_rule_desc"":false,""short_desc"":"""",""short_desc_add_period"":false,""short_desc_add_rule_name"":true,""type"":1,""deadline"":0,""full_desc_add_stat"":false,""status"":1}}";"22"
"2492";"Обнаружена попытка подбора аутентификационных данных пользователя к почтовому ящику";"2";"{""ext"":false,""preview"":{""time_fire"":""2019-11-20T11:58:19.441+03:00"",""time_interval"":31536000,""time_fire_current"":true},""configText"":"""",""fire_param"":{""group_count_criteria"":{""group_count_to"":null,""group_count_from"":null},""time_offset"":60,""moratorium_on"":true,""incident_reg_mode"":""many"",""time_cron"":false,""limit_on"":true,""limit_value"":1000,""moratorium_by_nodes"":true,""time_interval"":300,""moratorium_period"":3600000},""group_param"":{""group_fields"":[""src_ip""],""group_enable_criteria"":{""elem_count_to"":null,""elem_count_from"":null}},""proc"":"""",""declare"":"""",""sources"":[""e.firewall.threat""],""condition_tree"":[{""condition_type"":""text_exists"",""field_value"":""Failed Authentication Through Mail Protocol(31709)"",""type"":""condition"",""error"":true,""field_name"":""cat""}],""descript"":""Правило регистрации инцидента «Обнаружена попытка подбора аутентификационных данных пользователя к почтовому ящику».\nИсточником событий безопасности является «Palo Alto. Журнал событий».\n______________________________\nПараметры регистрации инцидента:\n1) Инцидент регистрируется при обнаружении на контролируемом узле корпоративной сети признаков перебора пароля.\n2) Условием регистрации инцидента является наличие хотя бы одного события безопасности, указывающего на попытку подбора аутентификационных данных пользователя к почтовому ящику.\n\nУсловие регистрации инцидента выполняется следующим образом.\nСоздается условие «Категория» содержит «Failed Authentication Through Mail Protocol(31709)».\n\n3) Группирование событий безопасности осуществляется по «IP-адрес хоста источника».\nПериод мониторинга составляет 5 минут.\nПредполагается, что обнаружение хотя бы одного события за указанный период будет являться признаком подбора аутентификационных данных пользователя к почтовому ящику.\n"",""config"":false,""incident_param"":{""full_desc"":""Рекомендации по устранению инцидента.\nПри обнаружении попытки подбора пароля к аутентификационных данных пользователя рекомендуется заблокировать входящий сетевой трафик от IP-адреса нарушителя.\n"",""level"":2,""to_espp"":true,""categ"":8,""full_desc_add_rule_desc"":false,""short_desc"":"""",""short_desc_add_period"":false,""short_desc_add_rule_name"":true,""type"":2,""deadline"":0,""full_desc_add_stat"":false,""status"":1}}";"22"
"2639";"Обнаружена загрузка потенциально вредоносного вложения";"2";"{""ext"":false,""preview"":{""time_fire"":""2019-11-20T11:59:11.508+03:00"",""time_interval"":0,""time_fire_current"":true},""configText"":"""",""fire_param"":{""group_count_criteria"":{""group_count_to"":null,""group_count_from"":null},""time_offset"":60,""moratorium_on"":true,""incident_reg_mode"":""many"",""time_cron"":false,""limit_on"":true,""limit_value"":1000,""moratorium_by_nodes"":true,""time_interval"":120,""moratorium_period"":3600000},""group_param"":{""group_fields"":[""dst_ip"",""url""],""group_enable_criteria"":{""elem_count_to"":null,""elem_count_from"":null}},""proc"":"""",""declare"":"""",""sources"":[""e.firewall.threat""],""condition_tree"":[{""condition_type"":""eq"",""field_value"":""Критический"",""type"":""condition"",""error"":true,""field_name"":""severity""},{""condition_type"":""eq"",""field_value"":""allow"",""type"":""condition"",""error"":true,""field_name"":""act""}],""descript"":""Правило регистрации инцидента «Обнаружена загрузка потенциально вредоносного вложения».\nИсточником событий безопасности является «Palo Alto. Журнал событий»\n\nПараметры регистрации инцидента:\n1) Инцидент регистрируется при обнаружении загрузки потенциально вредоносного вложения.\n2) Условием регистрации инцидента является наличие хотя бы 1 события безопасности, указывающего на загрузку потенциально вредоносного вложения.\n\nУсловие регистрации инцидента выполняется следующим образом.\n1. Создается условие «Уровень влияния» = «Критический».\n2. Создается условие «Действие» = «allow».\n\n3) Группирование событий безопасности осуществляется по «IP-адрес назначения» и «URL».\nПериод мониторинга составляет 2 минуты.\nПредполагается, что при обнаружении хотя бы одного события за указанный период будет являться признаком обнаружения потенциально вредоносного вложения."",""config"":false,""incident_param"":{""full_desc"":"""",""level"":3,""to_espp"":true,""categ"":-1,""full_desc_add_rule_desc"":false,""short_desc"":"""",""short_desc_add_period"":false,""short_desc_add_rule_name"":true,""type"":1,""deadline"":0,""full_desc_add_stat"":false,""status"":1}}";"22" d
"2754";"Заблокирована попытка сканирования информационного ресурса";"2";"{""ext"":false,""preview"":{""time_fire"":""2019-11-25T12:44:02.795+03:00"",""time_interval"":0,""time_fire_current"":true},""configText"":"""",""fire_param"":{""group_count_criteria"":{""group_count_to"":null,""group_count_from"":null},""time_offset"":60,""moratorium_on"":false,""incident_reg_mode"":""many"",""time_cron"":false,""limit_on"":false,""limit_value"":1000,""moratorium_by_nodes"":true,""time_interval"":300,""moratorium_period"":3600000},""group_param"":{""group_fields"":[""dst_ip""],""group_enable_criteria"":{""elem_count_to"":null,""elem_count_from"":null}},""proc"":"""",""declare"":"""",""sources"":[""e.firewall.threat""],""condition_tree"":[{""children"":[{""condition_type"":""text_exists"",""field_value"":""scan"",""type"":""condition"",""error"":true,""field_name"":""deviceEventClassID""},{""or"":true,""condition_type"":""text_exists"",""field_value"":""scan"",""type"":""condition"",""error"":true,""field_name"":""cat""}],""type"":""group"",""field_name"":""Категория угрозы""},{""children"":[{""condition_type"":""text_exists"",""field_value"":""block"",""type"":""condition"",""error"":true,""field_name"":""act""},{""or"":true,""condition_type"":""eq"",""field_value"":""deny"",""type"":""condition"",""error"":true,""field_name"":""act""}],""type"":""group"",""field_name"":""Действие""}],""descript"":""Правило регистрации инцидента «Правило регистрации инцидента «2754. Заблокирован нежелательный трафик».\nИсточником событий безопасности является МЭ «Palo Alto». \nНабор данных: «Межсетевые экраны. Palo Alto. Журнал событий».\n\nИнформационные ресурсы могут подвергаться сканированию. Данное правило направлено на регистрацию нарушений данного вида.\nПараметры регистрации инцидента:\n1) Инцидент регистрируется при обнаружении в инспектируемом сетевом трафике признаков сканирования информационного ресурса.\n2) Условием регистрации инцидента является наличие хотя бы одного события безопасности, указывающего на сканирование информационного ресурса.\n\nУсловие регистрации выполняется следующим образом:\n1.Создаётся папка \u201CКатегория угрозы\u201D, содержащая следующие категории:\n\u201CEvent Class\u201D содержит \u201Cscan\u201D;\n[ИЛИ] \u201CКатегория\u201D содержит \u201Cscan\u201D;\n2.Создаётся папка \u201CДействие\u201D, содержащая следующие условия:\n\u201CДействие\u201D содержит \u201Cblock\u201D;\n[ИЛИ] \u201CДействие\u201D = \u201Cdeny\u201D.\n\nГруппирование событий безопасности осуществляется по «IP назначения».\nПериод мониторинга составляет 5 минут. \nПредполагается, что при обнаружении хотя бы одного события за указанный период, это будет являться признаком сканирования информационного ресурса.\n"",""config"":false,""incident_param"":{""full_desc"":""При обнаружении признаков сканирования информационного ресурса рекомендуется выполнить следующие действия:\n1)выяснить, кто и с какой целью выполняет сканирование информационного ресурса;\n2)убедиться, что все действия нарушителя пресечены МЭ Palo Alto."",""level"":2,""to_espp"":false,""categ"":0,""full_desc_add_rule_desc"":false,""short_desc"":"""",""short_desc_add_period"":false,""short_desc_add_rule_name"":true,""type"":1,""deadline"":0,""full_desc_add_stat"":false,""status"":1}}";"22"
"2758";"Несанкционированное получение удалённого доступа к информационному ресурсу сети Интернет";"2";"{""ext"":false,""preview"":{""time_fire"":""2019-11-25T12:34:18.805+03:00"",""time_interval"":0,""time_fire_current"":true},""configText"":"""",""fire_param"":{""group_count_criteria"":{""group_count_to"":null,""group_count_from"":null},""time_offset"":0,""moratorium_on"":false,""incident_reg_mode"":""many"",""time_cron"":false,""limit_on"":false,""limit_value"":1000,""moratorium_by_nodes"":true,""time_interval"":0,""moratorium_period"":3600000},""group_param"":{""group_fields"":[""sender_ip""],""group_enable_criteria"":{""elem_count_to"":null,""elem_count_from"":null}},""proc"":"""",""declare"":"""",""sources"":[""e.firewall.threat""],""condition_tree"":[{""children"":[{""children"":[{""condition_type"":""eq"",""field_value"":""<ip-адрес>"",""type"":""condition"",""error"":true,""field_name"":""src_ip""}],""type"":""group"",""field_name"":""Адреса, маршрутизируемые в интернет""},{""children"":[{""condition_type"":""eq"",""field_value"":""<ip-адрес>"",""type"":""condition"",""error"":true,""field_name"":""dst_ip""}],""type"":""group"",""field_name"":""Внутренние адреса""}],""type"":""group"",""field_name"":""Диапазон IP-серверов удалённого подключения""},{""not"":true,""children"":[{""condition_type"":""text_exists"",""field_value"":""ssh"",""type"":""condition"",""error"":true,""field_name"":""app""},{""or"":true,""condition_type"":""text_exists"",""field_value"":""telnet"",""type"":""condition"",""error"":true,""field_name"":""app""},{""or"":true,""condition_type"":""text_exists"",""field_value"":""rdp"",""type"":""condition"",""error"":true,""field_name"":""app""},{""or"":true,""condition_type"":""text_exists"",""field_value"":""citrix"",""type"":""condition"",""error"":true,""field_name"":""app""},{""or"":true,""condition_type"":""text_exists"",""field_value"":""eklogin"",""type"":""condition"",""error"":true,""field_name"":""app""},{""or"":true,""condition_type"":""text_exists"",""field_value"":""radmin"",""type"":""condition"",""error"":true,""field_name"":""app""},{""or"":true,""condition_type"":""text_exists"",""field_value"":""teamviewer"",""type"":""condition"",""error"":true,""field_name"":""app""},{""or"":true,""condition_type"":""text_exists"",""field_value"":""vnc"",""type"":""condition"",""error"":true,""field_name"":""app""},{""or"":true,""condition_type"":""text_exists"",""field_value"":""remote"",""type"":""condition"",""error"":true,""field_name"":""app""},{""or"":true,""condition_type"":""text_exists"",""field_value"":""anydesk"",""type"":""condition"",""error"":true,""field_name"":""app""},{""or"":true,""condition_type"":""text_exists"",""field_value"":""splashtop"",""type"":""condition"",""error"":true,""field_name"":""app""}],""type"":""group"",""field_name"":""Виды трафика, характерные для серверов удалённого подключения""}],""descript"":""Правило регистрации инцидента «2758. Несанкционированное получение удалённого доступа к информационному ресурсу сети Интернет».\nИсточником событий безопасности является МЭ «Palo Alto». \nНабор данных: «Межсетевые экраны. Palo Alto. Журнал событий».\n\nНарушитель может скомпрометировать один из серверов удалённого доступа, чтобы получить несанкционированный доступ к информационному ресурсу. Данное правило направлено на регистрацию таких инцидентов.\n\nПараметры регистрации инцидента:\n1) Инцидент регистрируется при обнаружении в инспектируемом сетевом трафике признаков несанкционированного получения удалённого доступа к информационному ресурсу сети Интернет. \n2) Условием регистрации инцидента является наличие хотя бы одного события безопасности, указывающего на признаки несанкционированного получения удалённого доступа к информационному ресурсу сети Интернет. \n\nУсловие регистрации выполняется следующим образом:\n1.Создаётся папка \u201CДиапазон IP-адресов почтового сервера\u201D;\n2.Создаётся папка \u201CАдреса, маршрутизируемые в Интернет\u201D, которая содержит следующее условие:\n\n\u201CIP-адрес хоста назначения\u201D = \u201C<ip-адрес>\u201D;\n3.Создаётся папка \u201CВнутренние адреса\u201D;\n\u201CIP-адрес хоста назначения\u201D = \u201C<ip-адрес>\u201D;\n4.[НЕ] Виды трафика, характерные для серверов удалённого подключения;\nПриложение содержит \u201Cssh\u201D;\n[ИЛИ] Приложение содержит \u201Ctelnet\u201D;\n[ИЛИ] Приложение содержит \u201Crdp\u201D;\n[ИЛИ] Приложение содержит \u201Ccitrix\u201D;\n[ИЛИ] Приложение содержит \u201Ceklogin\u201D;\n[ИЛИ] Приложение содержит \u201Cradmin\u201D;\n[ИЛИ] Приложение содержит \u201Cteamviewer\u201D;\n[ИЛИ] Приложение содержит \u201Cvnc\u201D;\n[ИЛИ] Приложение содержит \u201Cremote\u201D;\n[ИЛИ] Приложение содержит \u201Canydesk\u201D;\n[ИЛИ] Приложение содержит \u201Csplashtop\u201D.\n\nГруппирование событий безопасности осуществляется по «IP назначения».\nПериод мониторинга составляет 5 минут. Предполагается, что при обнаружении хотя бы одного события за указанный период, это будет являться признаком несанкционированного получения удалённого доступа к информационному ресурсу сети Интернет.\n"",""config"":false,""incident_param"":{""full_desc"":""При обнаружении признаков несанкционированного получения удалённого доступа к информационному ресурсу сети Интернет рекомендуется выполнить следующие действия:\n1)выяснить, кто и с какой целью получил удалённый доступ к информационному ресурсу.\n2)если удалённый доступ получил нарушитель, то на МЭ Palo Alto заблокировать его подключение к этому информационному ресурсу.\n3)провести служебное расследование.\n"",""level"":2,""to_espp"":false,""categ"":4,""full_desc_add_rule_desc"":false,""short_desc"":"""",""short_desc_add_period"":false,""short_desc_add_rule_name"":true,""type"":1,""deadline"":0,""full_desc_add_stat"":false,""status"":1}}";"22"
"2757";"Попытка компрометации информационного ресурса";"2";"{""ext"":false,""preview"":{""time_fire"":""2019-11-25T12:38:44.553+03:00"",""time_interval"":0,""time_fire_current"":true},""configText"":"""",""fire_param"":{""group_count_criteria"":{""group_count_to"":null,""group_count_from"":null},""time_offset"":60,""moratorium_on"":false,""incident_reg_mode"":""many"",""time_cron"":false,""limit_on"":false,""limit_value"":1000,""moratorium_by_nodes"":true,""time_interval"":300,""moratorium_period"":3600000},""group_param"":{""group_fields"":[""sender_ip""],""group_enable_criteria"":{""elem_count_to"":null,""elem_count_from"":null}},""proc"":"""",""declare"":"""",""sources"":[""e.firewall.threat""],""condition_tree"":[{""children"":[{""children"":[{""children"":[{""condition_type"":""eq"",""field_value"":""194.85.30.251"",""type"":""condition"",""error"":true,""field_name"":""dst_ip""},{""or"":true,""condition_type"":""eq"",""field_value"":""194.85.30.252"",""type"":""condition"",""error"":true,""field_name"":""dst_ip""},{""or"":true,""condition_type"":""eq"",""field_value"":""192.85.30.253"",""type"":""condition"",""error"":true,""field_name"":""dst_ip""},{""or"":true,""condition_type"":""eq"",""field_value"":""192.85.30.254"",""type"":""condition"",""error"":true,""field_name"":""dst_ip""}],""type"":""group"",""field_name"":""Адреса, маршрутизируемые в интернет""},{""children"":[{""condition_type"":""eq"",""field_value"":""172.18.18.155"",""type"":""condition"",""error"":true,""field_name"":""src_ip""},{""or"":true,""condition_type"":""eq"",""field_value"":""172.18.18.134"",""type"":""condition"",""error"":true,""field_name"":""src_ip""}],""type"":""group"",""field_name"":""Внутренние адреса""}],""type"":""group"",""field_name"":""Диапазон IP-адресов почтового сервера""},{""not"":true,""children"":[{""condition_type"":""eq"",""field_value"":""smtp"",""type"":""condition"",""error"":true,""field_name"":""app""},{""or"":true,""condition_type"":""eq"",""field_value"":""pop3"",""type"":""condition"",""error"":true,""field_name"":""app""},{""or"":true,""condition_type"":""eq"",""field_value"":""Imap"",""type"":""condition"",""error"":true,""field_name"":""app""},{""or"":true,""condition_type"":""text_exists"",""field_value"":""outlook"",""type"":""condition"",""error"":true,""field_name"":""app""},{""or"":true,""condition_type"":""text_exists"",""field_value"":""mail"",""type"":""condition"",""error"":true,""field_name"":""app""}],""type"":""group"",""field_name"":""Виды трафика, характерные для почтового сервера""}],""type"":""group"",""field_name"":""Почтовый сервер""},{""or"":true,""children"":[{""children"":[{""children"":[{""condition_type"":""eq"",""field_value"":""<ip-адрес>"",""type"":""condition"",""error"":true,""field_name"":""src_ip""}],""type"":""group"",""field_name"":""Адреса, маршрутизируемые в интернет""},{""children"":[{""condition_type"":""range"",""field_value"":""<ip-адрес>"",""type"":""condition"",""error"":true,""field_name"":""dst_ip""}],""type"":""group"",""field_name"":""Внутренние адреса""}],""type"":""group"",""field_name"":""Диапазон IP-адресов Web-сервера""},{""not"":true,""children"":[{""condition_type"":""text_exists"",""field_value"":""http"",""type"":""condition"",""error"":true,""field_name"":""app""}],""type"":""group"",""field_name"":""Виды трафика, характерные для Web-сервера""}],""type"":""group"",""field_name"":""Web-сервер""},{""or"":true,""children"":[{""children"":[{""children"":[{""condition_type"":""eq"",""field_value"":""<ip-адрес>"",""type"":""condition"",""error"":true,""field_name"":""src_ip""}],""type"":""group"",""field_name"":""Адреса, маршрутизируемые в интернет""},{""children"":[{""condition_type"":""eq"",""field_value"":""<ip-адрес>"",""type"":""condition"",""error"":true,""field_name"":""dst_ip""}],""type"":""group"",""field_name"":""Внутренние адреса""}],""type"":""group"",""field_name"":""Диапазон IP-адресов Ftp-сервера""},{""not"":true,""children"":[{""condition_type"":""text_exists"",""field_value"":""ftp"",""type"":""condition"",""error"":true,""field_name"":""app""}],""type"":""group"",""field_name"":""Виды трафика, характерные для Ftp-сервера""}],""type"":""group"",""field_name"":""Ftp-сервер""},{""or"":true,""children"":[{""children"":[{""children"":[{""condition_type"":""eq"",""field_value"":""<ip-адрес>"",""type"":""condition"",""error"":true,""field_name"":""src_ip""}],""type"":""group"",""field_name"":""Адреса, маршрутизируемые в интернет""},{""children"":[{""condition_type"":""eq"",""field_value"":""<ip-адрес>"",""type"":""condition"",""error"":true,""field_name"":""dst_ip""}],""type"":""group"",""field_name"":""Внутренние адреса""}],""type"":""group"",""field_name"":""Диапазон IP-адресов DNS-сервера""},{""not"":true,""children"":[{""condition_type"":""text_exists"",""field_value"":""dns"",""type"":""condition"",""error"":true,""field_name"":""app""}],""type"":""group"",""field_name"":""Виды трафика, характерные для DNS-сервера""}],""type"":""group"",""field_name"":""Dns-сервер""}],""descript"":""Правило регистрации инцидента «2757.Попытка компрометации информационного ресурса».\nИсточником событий безопасности является МЭ «Palo Alto». \nНабор данных: «Межсетевые экраны. Palo Alto. Журнал событий».\n\nПри компрометации сервера корпоративной сети, от него может поступать нехарактерный для этого сервера трафик. \nТакже при попытке компрометации сервера, на него из сети Интернет могут поступать неверно сформированные пакеты. \nДанное правило направлено на обнаружении нехарактерного для известных серверов трафика.\n\nПараметры регистрации инцидента:\n1) Инцидент регистрируется при обнаружении в инспектируемом сетевом трафике признаков попытки компрометации информационного ресурса.\n2) Условием регистрации инцидента является наличие хотя бы одного события безопасности, указывающего на попытку компрометации информационного ресурса.\n\nУсловие регистрации выполняется следующим образом:\n1.Создаётся папка \u201CПочтовый сервер\u201D;\n2.Создаётся папка \u201CДиапазон IP-адресов почтового сервера\u201D;\n3.Создаётся папка \u201CАдреса, маршрутизируемые в интернет\u201D, содержащая следующие условия:\n\u201CIP-адрес хоста назначения\u201D = \u201C194.85.30.251\u201D;\n[ИЛИ] \u201CIP-адрес хоста назначения\u201D = \u201C194.85.30.252\u201D;\n[ИЛИ] \u201CIP-адрес хоста назначения\u201D = \u201C194.85.30.253\u201D;\n[ИЛИ] \u201CIP-адрес хоста назначения\u201D = \u201C194.85.30.254\u201D;\n4.Создаётся папка \u201CВнутренние адреса\u201D, содержащая следующие условия:\n[ИЛИ] \u201CIP-адрес хоста назначения\u201D = \u201C172.18.18.155\u201D;\n[ИЛИ] \u201CIP-адрес хоста назначения\u201D = \u201C172.18.18.134\u201D;\n5.Создаётся папка [НЕ] \u201CВиды трафика, характерные для почтового сервера\u201D, содержащая следующие условия:\n\u201CПриложение\u201D = \u201Csmtp\u201D;\n[ИЛИ] \u201CПриложение\u201D = \u201Cpop3\u201D;\n[ИЛИ] \u201CПриложение\u201D = \u201Cimap\u201D;\n[ИЛИ] \u201CПриложение\u201D содержит \u201Cmail\u201D;\n[ИЛИ] \u201CПриложение\u201D содержит \u201Coutlook\u201D;\n\n6.Создаётся папка \u201CWeb-сервер\u201D;\n7.Создаётся папка \u201CДиапазон IP-адресов Web-сервера\u201D;\n8.Создаётся папка \u201CАдреса, маршрутизируемые в интернет\u201D, содержащая следующие условия:\n\u201CIP-адрес хоста назначения\u201D = \u201C<ip-адрес>\u201D;\n9.Создаётся папка \u201CВнутренние адреса\u201D, содержащая следующие условия:\n\u201CIP-адрес хоста назначения\u201D = \u201C<ip-адрес>\u201D;\n10.Создаётся папка [НЕ] \u201CВиды трафика, характерные для \u201CWeb-сервера\u201D, содержащая следующие условия: \n\u201CПриложение\u201D содержит \u201Chttp\u201D;\n\n11.Создаётся папка \u201CFtp-сервер\u201D;\n12.Создаётся папка \u201CДиапазон IP-адресов Ftp-сервера\u201D;\n13.Создаётся папка \u201CАдреса, маршрутизируемые в интернет\u201D, содержащая следующие условия:\n\u201CIP-адрес хоста назначения\u201D = \u201C<ip-адрес>\u201D;\n14.Создаётся папка \u201CВнутренние адреса\u201D, содержащая следующие условия:\n\u201CIP-адрес хоста назначения\u201D = \u201C<ip-адрес>\u201D;\n15.Создаётся папка [НЕ] \u201CВиды трафика, характерные для \u201CFtp-сервера\u201D, содержащая следующие условия: \n\u201CПриложение\u201D содержит \u201Cftp\u201D;\n\n16.Создаётся папка \u201CDns-сервер\u201D;\n17.Создаётся папка \u201CДиапазон IP-адресов Dns-сервера\u201D;\n18.Создаётся папка \u201CАдреса, маршрутизируемые в интернет\u201D, содержащая следующие условия:\n\u201CIP-адрес хоста назначения\u201D = \u201C<ip-адрес>\u201D;\n19.Создаётся папка \u201CВнутренние адреса\u201D, содержащая следующие условия:\n\u201CIP-адрес хоста назначения\u201D = \u201C<ip-адрес>\u201D;\n20.Создаётся папка [НЕ] \u201CВиды трафика, характерные для \u201CDns-сервера\u201D, содержащая следующие условия: \n\u201CПриложение\u201D содержит \u201Cdns\u201D.\n\nГруппирование событий безопасности осуществляется по «IP назначения».\nПериод мониторинга составляет 5 минут.\nПредполагается, что при обнаружении хотя бы одного события за указанный период, это будет являться признаком попытки компрометации информационного ресурса.\n"",""config"":false,""incident_param"":{""full_desc"":""При обнаружении попытки компрометации информационного ресурса рекомендуется выполнить следующие действия:\n1)выяснить, по какой причине сервер отправляет или принимает нехарактерный для него трафик;\n2)если это произошло из-за компрометации сервера нарушителем, то на МЭ Palo Alto заблокировать его подключение к этому информационному ресурсу;\n3)провести служебное расследование.\n"",""level"":2,""to_espp"":false,""categ"":0,""full_desc_add_rule_desc"":false,""short_desc"":"""",""short_desc_add_period"":false,""short_desc_add_rule_name"":true,""type"":1,""deadline"":0,""full_desc_add_stat"":false,""status"":1}}";"22"
"2743";"Попытка внедрения ВПО";"2";"{""ext"":false,""preview"":{""time_fire"":""2019-11-13T18:17:22.887+03:00"",""time_interval"":0,""time_fire_current"":true},""configText"":"""",""fire_param"":{""group_count_criteria"":{""group_count_to"":null,""group_count_from"":null},""time_offset"":60,""moratorium_on"":true,""incident_reg_mode"":""many"",""time_cron"":false,""limit_on"":true,""limit_value"":1000,""moratorium_by_nodes"":true,""time_interval"":300,""moratorium_period"":3600000},""group_param"":{""group_fields"":[""dst_ip""],""group_enable_criteria"":{""elem_count_to"":null,""elem_count_from"":null}},""proc"":"""",""declare"":"""",""sources"":[""e.firewall.threat""],""condition_tree"":[{""children"":[{""condition_type"":""eq"",""field_value"":""browser-hijack"",""type"":""condition"",""error"":true,""field_name"":""PanOSThreatCategory""},{""or"":true,""condition_type"":""eq"",""field_value"":""keylogger"",""type"":""condition"",""error"":true,""field_name"":""PanOSThreatCategory""},{""or"":true,""condition_type"":""eq"",""field_value"":""networm"",""type"":""condition"",""error"":true,""field_name"":""PanOSThreatCategory""},{""or"":true,""condition_type"":""eq"",""field_value"":""apk"",""type"":""condition"",""error"":true,""field_name"":""PanOSThreatCategory""},{""or"":true,""condition_type"":""eq"",""field_value"":""dmg"",""type"":""condition"",""error"":true,""field_name"":""PanOSThreatCategory""},{""or"":true,""condition_type"":""eq"",""field_value"":""flash"",""type"":""condition"",""error"":true,""field_name"":""PanOSThreatCategory""},{""or"":true,""condition_type"":""eq"",""field_value"":""java-class"",""type"":""condition"",""error"":true,""field_name"":""PanOSThreatCategory""},{""or"":true,""condition_type"":""eq"",""field_value"":""macho"",""type"":""condition"",""error"":true,""field_name"":""PanOSThreatCategory""},{""or"":true,""condition_type"":""eq"",""field_value"":""office"",""type"":""condition"",""error"":true,""field_name"":""PanOSThreatCategory""},{""or"":true,""condition_type"":""eq"",""field_value"":""openoffice"",""type"":""condition"",""error"":true,""field_name"":""PanOSThreatCategory""},{""or"":true,""condition_type"":""eq"",""field_value"":""pdf"",""type"":""condition"",""error"":true,""field_name"":""PanOSThreatCategory""},{""or"":true,""condition_type"":""eq"",""field_value"":""pe"",""type"":""condition"",""error"":true,""field_name"":""PanOSThreatCategory""},{""or"":true,""condition_type"":""eq"",""field_value"":""pkg"",""type"":""condition"",""error"":true,""field_name"":""PanOSThreatCategory""}],""type"":""group"",""field_name"":""Категория угрозы""},{""condition_type"":""eq"",""field_value"":""inet-vl144"",""type"":""condition"",""error"":true,""field_name"":""src_zone""},{""children"":[{""condition_type"":""eq"",""field_value"":""alert"",""type"":""condition"",""error"":true,""field_name"":""act""},{""or"":true,""condition_type"":""eq"",""field_value"":""allow"",""type"":""condition"",""error"":true,""field_name"":""act""}],""type"":""group"",""field_name"":""Действие""}],""descript"":""Правило регистрации инцидента «Попытка внедрения ВПО».\nИсточником событий безопасности является МЭ «Palo Alto».\n\nПараметры регистрации инцидента:\n1) Инцидент регистрируется при обнаружении в инспектируемом сетевом трафике признаков внедрения ВПО.\n2) Условием регистрации инцидента является наличие хотя бы одного события безопасности, источником которого является нарушитель из сети \nИнтернет, с действием «alert» или «allow».\n\nУсловие регистрации выполняется следующим образом:\n1. Создается папка «Категория угрозы», содержащая следующие категории:\n- «browser-hijack»;\n- «keylogger»;\n- «networm»;\n- «apk»;\n- «dmg»;\n- «flash»;\n- «java-class»;\n- «macho»;\n- «office»;\n- «openoffice»;\n- «pdf»;\n- «pe»;\n- «pkg».\n2. Зона хоста источника имеет значение «inet-vl144», узлы из сети Интернет.\n3. Создается папка «Действие», в которой содержится «alert» или «allow».\n\n3) Группирование событий безопасности осуществляется по «IP назначения».\nПериод мониторинга составляет 5 минут. Предполагается, что при обнаружении хотя бы одного события за указанный период, это будет являться \nпризнаком попытки внедрения ВПО.\n\n"",""config"":false,""incident_param"":{""full_desc"":""Рекомендации по устранению инцидента.\nПри обнаружении признаков внедрения ВПО рекомендуется выполнить следующие действия:\n1) произвести обновление базы данных признаков вредоносных компьютерных программ (вирусов) САВЗ и выполнить сканирование \nскомпрометированного узла на наличие вредоносного кода. При обнаружении вредоносного кода, выполнить удаление\/лечение;\n2) если штатный метод удаления\/лечения не работает, следует воспользоваться ПО «KASPERSKY RESCUE DISK», которое запускается под \nуправление операционной системой.\nЭффективность лечения повышается за счет того, что находящееся в системе ВПО не получает управления во время загрузки операционной \nсистемы. В режиме аварийного восстановления доступны только задачи проверки объектов и обновление базы данных признаков вредоносных \nкомпьютерных программ (вирусов) (https:\/\/support.kaspersky.ru\/viruses\/rescuedisk);\n3) если с помощью ПО «KASPERSKY RESCUE DISK» не удалось выполнить удаление\/лечение ВПО, рекомендуется выполнить полное \nвосстановление системы из резервной копии (при наличии).\nПосле восстановления системы из резервной копии, рекомендуется провести полное сканирование САВЗ, для проверки наличия ВПО на узле;\n4) в избежание компрометации защищаемой информации, рекомендуется поменять аутентификационные данные (пароль должен содержать \nне менее 8 символов, содержать заглавные и строчные буквы, цифры, пробелы и специальные символы).\n"",""level"":3,""to_espp"":false,""categ"":-1,""full_desc_add_rule_desc"":true,""short_desc"":"""",""short_desc_add_period"":true,""short_desc_add_rule_name"":true,""type"":1,""deadline"":0,""full_desc_add_stat"":true,""status"":1}}";"22"
"2745";"Взаимодействие с командно-контрольным сервером нарушителя";"2";"{""ext"":false,""preview"":{""time_fire"":""2019-11-15T15:25:30.47+03:00"",""time_interval"":0,""time_fire_current"":true},""configText"":"""",""fire_param"":{""group_count_criteria"":{""group_count_to"":null,""group_count_from"":null},""time_offset"":60,""moratorium_on"":true,""incident_reg_mode"":""many"",""time_cron"":false,""limit_on"":true,""limit_value"":1000,""moratorium_by_nodes"":true,""time_interval"":300,""moratorium_period"":3600000},""group_param"":{""group_fields"":[""src_ip""],""group_enable_criteria"":{""elem_count_to"":null,""elem_count_from"":null}},""proc"":"""",""declare"":"""",""sources"":[""e.firewall.threat""],""condition_tree"":[{""children"":[{""condition_type"":""eq"",""field_value"":""botnet"",""type"":""condition"",""error"":true,""field_name"":""PanOSThreatCategory""},{""or"":true,""condition_type"":""eq"",""field_value"":""data-theft"",""type"":""condition"",""error"":true,""field_name"":""PanOSThreatCategory""},{""or"":true,""condition_type"":""eq"",""field_value"":""post-exploitation"",""type"":""condition"",""error"":true,""field_name"":""PanOSThreatCategory""}],""type"":""group"",""field_name"":""Категория угрозы""},{""condition_type"":""eq"",""field_value"":""inet-vl144"",""type"":""condition"",""error"":true,""field_name"":""dst_zone""}],""descript"":""Правило регистрации инцидента «Взаимодействие с командно-контрольным сервером нарушителя».\nИсточником событий безопасности является МЭ «Palo Alto».\n\nПараметры регистрации инцидента:\n1) Инцидент регистрируется при обнаружении в инспектируемом сетевом трафике признаков взаимодействия контролируемого узла информационной \nсети с командно-контрольным сервером нарушителя.\n2) Условием регистрации инцидента является наличие хотя бы одного события безопасности, источником которого является контролируемый узел \nинформационной сети, указывающего на взаимодействие с командно-контрольным сервером нарушителя.\n\nУсловие регистрации выполняется следующим образом:\n1. Создается папка «Категория угрозы», содержащая следующие категории:\n- «botnet»;\n- «data-theft»;\n- «post-exploitation».\n2. Зона хоста назначения имеет значение «inet-vl144», узлы в сети Интернет.\n\n3) Группирование событий безопасности осуществляется по «IP источника».\nПериод мониторинга составляет 5 минут. Предполагается, что при обнаружении хотя бы одного события за указанный период, это будет являться \nпризнаком взаимодействия контролируемого узла информационной сети с командно-контрольным сервером нарушителя.\n"",""config"":false,""incident_param"":{""full_desc"":""Рекомендации по устранению инцидента.\nПри обнаружении признаков взаимодействия с командно-контрольным сервером нарушителя рекомендуется выполнить следующие действия:\n1) изолировать скомпрометированный узел информационной сети;\n2) произвести обновление базы данных признаков вредоносных компьютерных программ (вирусов) САВЗ и выполнить сканирование \nскомпрометированного узла на наличие вредоносного кода. При обнаружении вредоносного кода, выполнить удаление\/лечение;\n3) если штатный метод удаления\/лечения не работает, следует воспользоваться ПО «KASPERSKY RESCUE DISK», которое запускается под \nуправление операционной системой.\nЭффективность лечения повышается за счет того, что находящееся в системе ВПО не получает управления во время загрузки операционной \nсистемы. В режиме аварийного восстановления доступны только задачи проверки объектов и обновление базы данных признаков вредоносных \nкомпьютерных программ (вирусов) (https:\/\/support.kaspersky.ru\/viruses\/rescuedisk);\n4) если с помощью ПО «KASPERSKY RESCUE DISK» не удалось выполнить удаление\/лечение ВПО, рекомендуется выполнить полное \nвосстановление системы из резервной копии (при наличии).\nПосле восстановления системы из резервной копии, рекомендуется провести полное сканирование САВЗ, для проверки наличия ВПО на узле;\n5) в избежание компрометации защищаемой информации, рекомендуется поменять аутентификационные данные (пароль должен содержать \nне менее 8 символов, содержать заглавные и строчные буквы, цифры, пробелы и специальные символы).\n"",""level"":1,""to_espp"":false,""categ"":9,""full_desc_add_rule_desc"":true,""short_desc"":"""",""short_desc_add_period"":true,""short_desc_add_rule_name"":true,""type"":1,""deadline"":0,""full_desc_add_stat"":true,""status"":1}}";"22"
"2744";"Попытка внедрения ВПО, предназначенного для взаимодействия с командно-контрольным сервером нарушителя";"2";"{""ext"":false,""preview"":{""time_fire"":""2019-11-13T18:15:58.923+03:00"",""time_interval"":0,""time_fire_current"":true},""configText"":"""",""fire_param"":{""group_count_criteria"":{""group_count_to"":null,""group_count_from"":null},""time_offset"":0,""moratorium_on"":true,""incident_reg_mode"":""many"",""time_cron"":false,""limit_on"":true,""limit_value"":1000,""moratorium_by_nodes"":true,""time_interval"":0,""moratorium_period"":3600000},""group_param"":{""group_fields"":[""dst_ip""],""group_enable_criteria"":{""elem_count_to"":null,""elem_count_from"":null}},""proc"":"""",""declare"":"""",""sources"":[""e.firewall.threat""],""condition_tree"":[{""children"":[{""condition_type"":""eq"",""field_value"":""botnet"",""type"":""condition"",""error"":true,""field_name"":""PanOSThreatCategory""},{""or"":true,""condition_type"":""eq"",""field_value"":""data-theft"",""type"":""condition"",""error"":true,""field_name"":""PanOSThreatCategory""},{""or"":true,""condition_type"":""eq"",""field_value"":""post-exploitation"",""type"":""condition"",""error"":true,""field_name"":""PanOSThreatCategory""}],""type"":""group"",""field_name"":""Категория угрозы""},{""condition_type"":""eq"",""field_value"":""inet-vl144"",""type"":""condition"",""error"":true,""field_name"":""src_zone""},{""children"":[{""condition_type"":""eq"",""field_value"":""alert"",""type"":""condition"",""error"":true,""field_name"":""act""},{""or"":true,""condition_type"":""eq"",""field_value"":""allow"",""type"":""condition"",""error"":true,""field_name"":""act""}],""type"":""group"",""field_name"":""Действие""}],""descript"":""Правило регистрации инцидента «Попытка внедрения ВПО, предназначенного для взаимодействия с командно-контрольным сервером нарушителя».\nИсточником событий безопасности является МЭ «Palo Alto».\n\nПараметры регистрации инцидента:\n1) Инцидент регистрируется при обнаружении в инспектируемом сетевом трафике признаков внедрения ВПО, предназначенного для взаимодействия \nс командно-контрольным сервером нарушителя.\n2) Условием регистрации инцидента является наличие хотя бы одного события безопасности, источником которого является нарушитель из сети \nИнтернет, относящегося к ВПО, предназначенного для взаимодействия с командно-контрольным сервером нарушителя с действием «alert» или «allow».\n\nУсловие регистрации выполняется следующим образом:\n1. Создается папка «Категория угрозы», содержащая следующие категории:\n- «botnet»;\n- «data-theft»;\n- «post-exploitation».\n2. Зона хоста источника имеет значение «inet-vl144», узлы из сети Интернет.\n3. Создается папка «Действие», в которой содержится «alert» или «allow».\n\n3) Группирование событий безопасности осуществляется по «IP назначения».\nПериод мониторинга составляет 5 минут. Предполагается, что при обнаружении хотя бы одного события за указанный период, это будет являться \nпризнаком попытки внедрения ВПО, предназначенного для взаимодействия с командно-контрольным сервером нарушителя.\n"",""config"":false,""incident_param"":{""full_desc"":""Рекомендации по устранению инцидента.\nПри обнаружении признаков внедрения ВПО, предназначенного для взаимодействия с командно-контрольным сервером нарушителя \nрекомендуется выполнить следующие действия:\n1) произвести обновление базы данных признаков вредоносных компьютерных программ (вирусов) САВЗ и выполнить сканирование \nскомпрометированного узла на наличие вредоносного кода. При обнаружении вредоносного кода, выполнить удаление\/лечение;\n2) если штатный метод удаления\/лечения не работает, следует воспользоваться ПО «KASPERSKY RESCUE DISK», которое запускается под \nуправление операционной системой.\nЭффективность лечения повышается за счет того, что находящееся в системе ВПО не получает управления во время загрузки операционной \nсистемы. В режиме аварийного восстановления доступны только задачи проверки объектов и обновление базы данных признаков вредоносных \nкомпьютерных программ (вирусов) (https:\/\/support.kaspersky.ru\/viruses\/rescuedisk);\n3) если с помощью ПО «KASPERSKY RESCUE DISK» не удалось выполнить удаление\/лечение ВПО, рекомендуется выполнить полное \nвосстановление системы из резервной копии (при наличии).\nПосле восстановления системы из резервной копии, рекомендуется провести полное сканирование САВЗ, для проверки наличия ВПО на узле;\n4) в избежание компрометации защищаемой информации, рекомендуется поменять аутентификационные данные (пароль должен содержать \nне менее 8 символов, содержать заглавные и строчные буквы, цифры, пробелы и специальные символы).\n"",""level"":3,""to_espp"":false,""categ"":-1,""full_desc_add_rule_desc"":true,""short_desc"":"""",""short_desc_add_period"":true,""short_desc_add_rule_name"":true,""type"":1,""deadline"":0,""full_desc_add_stat"":true,""status"":1}}";"22"
"2746";"Попытка эксплуатации уязвимостей";"2";"{""ext"":false,""preview"":{""time_fire"":""2019-11-13T18:16:23.718+03:00"",""time_interval"":0,""time_fire_current"":true},""configText"":"""",""fire_param"":{""group_count_criteria"":{""group_count_to"":null,""group_count_from"":null},""time_offset"":60,""moratorium_on"":true,""incident_reg_mode"":""many"",""time_cron"":false,""limit_on"":true,""limit_value"":1000,""moratorium_by_nodes"":true,""time_interval"":300,""moratorium_period"":3600000},""group_param"":{""group_fields"":[""dst_ip""],""group_enable_criteria"":{""elem_count_to"":null,""elem_count_from"":null}},""proc"":"""",""declare"":"""",""sources"":[""e.firewall.threat""],""condition_tree"":[{""children"":[{""condition_type"":""eq"",""field_value"":""code execution"",""type"":""condition"",""error"":true,""field_name"":""PanOSThreatCategory""},{""or"":true,""condition_type"":""eq"",""field_value"":""code-obfuscation"",""type"":""condition"",""error"":true,""field_name"":""PanOSThreatCategory""},{""or"":true,""condition_type"":""eq"",""field_value"":""exploit-kit"",""type"":""condition"",""error"":true,""field_name"":""PanOSThreatCategory""},{""or"":true,""condition_type"":""eq"",""field_value"":""overflow"",""type"":""condition"",""error"":true,""field_name"":""PanOSThreatCategory""}],""type"":""group"",""field_name"":""Категория угрозы""},{""condition_type"":""eq"",""field_value"":""inet-vl144"",""type"":""condition"",""error"":true,""field_name"":""src_zone""},{""children"":[{""condition_type"":""eq"",""field_value"":""alert"",""type"":""condition"",""error"":true,""field_name"":""act""},{""or"":true,""condition_type"":""eq"",""field_value"":""allow"",""type"":""condition"",""error"":true,""field_name"":""act""}],""type"":""group"",""field_name"":""Действие""}],""descript"":""Правило регистрации инцидента «Попытка эксплуатации уязвимостей».\nИсточником событий безопасности является МЭ «Palo Alto».\n\nПараметры регистрации инцидента:\n1) Инцидент регистрируется при обнаружении в инспектируемом сетевом трафике признаков эксплуатации уязвимостей.\n2) Условием регистрации инцидента является наличие хотя бы одного события безопасности, источником которого является нарушитель из сети \nИнтернет, указывающего на эксплуатацию уязвимостей с действием «alert» или «allow».\n\nУсловие регистрации выполняется следующим образом:\n1. Создается папка «Категория угрозы», содержащая следующие категории:\n- «code execution»;\n- «code-obfuscation»;\n- «exploit-kit»;\n- «overflow».\n2. Зона хоста источника имеет значение «inet-vl144», узлы из сети Интернет.\n3. Создается папка «Действие», в которой содержится «alert» или «allow».\n\n3) Группирование событий безопасности осуществляется по «IP назначения».\nПериод мониторинга составляет 5 минут. Предполагается, что при обнаружении хотя бы одного события за указанный период, это будет являться \nпризнаком эксплуатации уязвимостей.\n"",""config"":false,""incident_param"":{""full_desc"":""Рекомендации по устранению инцидента.\nПри обнаружении попытки эксплуатации уязвимости рекомендуется выполнить следующие действия:\n1) на маршрутизаторе или межсетевом экране (приоритетно) заблокировать входящий сетевой трафик от IP-адреса нарушителя;\n2) произвести обновление уязвимого программного обеспечения (ПО);\n3) для предотвращения повторных инцидентов, рекомендуется выполнить сканирование узла сертифицированным (приоритетно) средством \nанализа (контроля) защищенности для выявления имеющихся уязвимостей. При обнаружении, рекомендуется произвести обновление уязвимого ПО.\n"",""level"":3,""to_espp"":false,""categ"":5,""full_desc_add_rule_desc"":true,""short_desc"":"""",""short_desc_add_period"":true,""short_desc_add_rule_name"":true,""type"":1,""deadline"":0,""full_desc_add_stat"":true,""status"":1}}";"22"
"2747";"Компьютерная атака «Попыт123ка получения доступа путем подбора пароля»";"2";"{""ext"":false,""preview"":{""time_fire"":""2019-11-13T18:16:40.872+03:00"",""time_interval"":0,""time_fire_current"":true},""configText"":"""",""fire_param"":{""group_count_criteria"":{""group_count_to"":null,""group_count_from"":null},""time_offset"":60,""moratorium_on"":true,""incident_reg_mode"":""many"",""time_cron"":false,""limit_on"":true,""limit_value"":1000,""moratorium_by_nodes"":true,""time_interval"":300,""moratorium_period"":3600000},""group_param"":{""group_fields"":[""dst_ip""],""group_enable_criteria"":{""elem_count_to"":null,""elem_count_from"":null}},""proc"":"""",""declare"":"""",""sources"":[""e.firewall.threat""],""condition_tree"":[{""children"":[{""condition_type"":""eq"",""field_value"":""brute-force"",""type"":""condition"",""error"":true,""field_name"":""PanOSThreatCategory""},{""or"":true,""condition_type"":""eq"",""field_value"":""brute force"",""type"":""condition"",""error"":true,""field_name"":""PanOSThreatCategory""}],""type"":""group"",""field_name"":""Категория угрозы""},{""condition_type"":""eq"",""field_value"":""inet-vl144"",""type"":""condition"",""error"":true,""field_name"":""src_zone""},{""children"":[{""condition_type"":""eq"",""field_value"":""alert"",""type"":""condition"",""error"":true,""field_name"":""act""},{""or"":true,""condition_type"":""eq"",""field_value"":""allow"",""type"":""condition"",""error"":true,""field_name"":""act""}],""type"":""group"",""field_name"":""Действие""}],""descript"":""Правило регистрации инцидента «Компьютерная атака «Попытка получения доступа путем подбора пароля»».\nИсточником событий безопасности является МЭ «Palo Alto».\n\nПараметры регистрации инцидента:\n1) Инцидент регистрируется при обнаружении в инспектируемом сетевом трафике признаков перебора пароля к защищаемым информационным \nресурсам.\n2) Условием регистрации инцидента является наличие хотя бы одного события безопасности, источником которого является нарушитель из сети \nИнтернет, указывающего попытку подбора пароля с действием «alert» или «allow».\n\nУсловие регистрации выполняется следующим образом:\n1. Создается папка «Категория угрозы», содержащая следующие категории:\n- «brute-force»;\n- «brute force».\n2. Зона хоста источника имеет значение «inet-vl144», узлы из сети Интернет.\n3. Создается папка «Действие», в которой содержится «alert» или «allow».\n\n3) Группирование событий безопасности осуществляется по «IP назначения».\nПериод мониторинга составляет 5 минут. Предполагается, что при обнаружении хотя бы одного события за указанный период, это будет являться \nпризнаком попытки подбора пароля.\n"",""config"":false,""incident_param"":{""full_desc"":""Рекомендации по устранению инцидента.\nПри обнаружении компьютерной атаки «Попытка получения доступа путем подбора пароля» рекомендуется выполнить следующие действия:\n1) на маршрутизаторе или межсетевом экране (приоритетно) заблокировать входящий сетевой трафик от IP-адреса нарушителя;\n2) в избежание компрометации защищаемой информации, рекомендуется на атакуемом узле поменять аутентификационные данные \n(пароль должен содержать не менее 8 символов, содержать заглавные и строчные буквы, цифры, пробелы и специальные символы).\n"",""level"":3,""to_espp"":false,""categ"":5,""full_desc_add_rule_desc"":true,""short_desc"":"""",""short_desc_add_period"":true,""short_desc_add_rule_name"":true,""type"":1,""deadline"":0,""full_desc_add_stat"":true,""status"":1}}";"22"
"2748";"Блокирование компьютерной атаки «Попытка получения доступа путем подбора пароля»";"2";"{""ext"":false,""preview"":{""time_fire"":""2019-11-13T18:16:53.984+03:00"",""time_interval"":0,""time_fire_current"":true},""configText"":"""",""fire_param"":{""group_count_criteria"":{""group_count_to"":null,""group_count_from"":null},""time_offset"":60,""moratorium_on"":true,""incident_reg_mode"":""many"",""time_cron"":false,""limit_on"":true,""limit_value"":1000,""moratorium_by_nodes"":true,""time_interval"":300,""moratorium_period"":3600000},""group_param"":{""group_fields"":[""dst_ip""],""group_enable_criteria"":{""elem_count_to"":null,""elem_count_from"":null}},""proc"":"""",""declare"":"""",""sources"":[""e.firewall.threat""],""condition_tree"":[{""children"":[{""condition_type"":""eq"",""field_value"":""brute-force"",""type"":""condition"",""error"":true,""field_name"":""PanOSThreatCategory""},{""or"":true,""condition_type"":""eq"",""field_value"":""brute force"",""type"":""condition"",""error"":true,""field_name"":""PanOSThreatCategory""}],""type"":""group"",""field_name"":""Категория угрозы""},{""condition_type"":""eq"",""field_value"":""inet-vl144"",""type"":""condition"",""error"":true,""field_name"":""src_zone""},{""children"":[{""not"":true,""condition_type"":""eq"",""field_value"":""alert"",""type"":""condition"",""error"":true,""field_name"":""act""},{""not"":true,""condition_type"":""eq"",""field_value"":""allow"",""type"":""condition"",""error"":true,""field_name"":""act""}],""type"":""group"",""field_name"":""Действие""}],""descript"":""Правило регистрации инцидента «Блокирование компьютерной атаки «Попытка получения доступа путем подбора пароля»».\nИсточником событий безопасности является МЭ «Palo Alto».\n\nПараметры регистрации инцидента:\n1) Инцидент регистрируется при обнаружении в инспектируемом сетевом трафике признаков перебора пароля к защищаемым информационным \nресурсам.\n2) Условием регистрации инцидента является наличие хотя бы одного события безопасности, источником которого является нарушитель из сети \nИнтернет, указывающего попытку подбора пароля с действием отличными от «alert» или «allow».\n\nУсловие регистрации выполняется следующим образом:\n1. Создается папка «Категория угрозы», содержащая следующие категории:\n- «brute-force»;\n- «brute force».\n2. Зона хоста источника имеет значение «inet-vl144», узлы из сети Интернет.\n3. Создается папка «Действие», в которой содержится [Не] «alert» и [Не] «allow».\n\n3) Группирование событий безопасности осуществляется по «IP назначения».\nПериод мониторинга составляет 5 минут. Предполагается, что при обнаружении хотя бы одного события за указанный период, это будет являться \nпризнаком блокирования попытки подбора пароля.\n"",""config"":false,""incident_param"":{""full_desc"":"""",""level"":1,""to_espp"":false,""categ"":5,""full_desc_add_rule_desc"":true,""short_desc"":"""",""short_desc_add_period"":true,""short_desc_add_rule_name"":true,""type"":1,""deadline"":0,""full_desc_add_stat"":true,""status"":1}}";"22"
